{"cameraMode":{"drawMode":0,"name":"Shaded","section":"Shading Mode"},"sceneLighting":true,"audioPlay":false,"sceneViewState":{"showFog":true,"showMaterialUpdate":false,"showSkybox":false,"showFlares":true,"showImageEffects":true,"showParticleSystems":true,"showVisualEffectGraphs":true,"m_FxEnabled":true},"in2DMode":false,"pivot":{"x":-0.880000114440918,"y":15.299999237060547,"z":55.400001525878909},"rotation":{"x":0.15433311462402345,"y":-0.10845088213682175,"z":0.017044195905327798,"w":0.9819240570068359},"size":1.7814900875091553,"orthographic":false}