{"cameraMode":{"drawMode":0,"name":"Shaded","section":"Shading Mode"},"sceneLighting":false,"audioPlay":false,"sceneViewState":{"showFog":true,"showMaterialUpdate":false,"showSkybox":false,"showFlares":true,"showImageEffects":true,"showParticleSystems":true,"showVisualEffectGraphs":true,"m_FxEnabled":true},"in2DMode":false,"pivot":{"x":-4.694866180419922,"y":7.941493988037109,"z":-0.16014111042022706},"rotation":{"x":0.14431919157505036,"y":-0.03414260596036911,"z":0.004948582965880632,"w":0.9890258312225342},"size":4.505899429321289,"orthographic":false}