{"cameraMode":{"drawMode":0,"name":"Shaded","section":"Shading Mode"},"sceneLighting":false,"audioPlay":false,"sceneViewState":{"showFog":true,"showMaterialUpdate":false,"showSkybox":false,"showFlares":true,"showImageEffects":true,"showParticleSystems":true,"showVisualEffectGraphs":true,"m_FxEnabled":true},"in2DMode":false,"pivot":{"x":-14.917040824890137,"y":7.905645370483398,"z":59.131629943847659},"rotation":{"x":0.11558983474969864,"y":0.09668837487697602,"z":-0.011350463144481182,"w":0.9886153936386108},"size":7.055926322937012,"orthographic":false}