{"cameraMode":{"drawMode":0,"name":"Shaded","section":"Shading Mode"},"sceneLighting":false,"audioPlay":false,"sceneViewState":{"showFog":true,"showMaterialUpdate":false,"showSkybox":false,"showFlares":true,"showImageEffects":true,"showParticleSystems":true,"showVisualEffectGraphs":true,"m_FxEnabled":true},"in2DMode":false,"pivot":{"x":22.487749099731447,"y":15.294354438781739,"z":37.257041931152347},"rotation":{"x":0.07406368106603623,"y":0.7066450715065002,"z":-0.07473237812519074,"w":0.6998989582061768},"size":15.057409286499024,"orthographic":false}